Fecha,UVA
3/31/2016,14.05
4/1/2016,14.05
4/2/2016,14.06
4/3/2016,14.06
4/4/2016,14.06
4/5/2016,14.1
4/6/2016,14.11
4/7/2016,14.12
4/8/2016,14.14
4/9/2016,14.15
4/10/2016,14.15
4/11/2016,14.15
4/12/2016,14.18
4/13/2016,14.2
4/14/2016,14.21
4/15/2016,14.22
4/16/2016,14.23
4/17/2016,14.23
4/18/2016,14.23
4/19/2016,14.27
4/20/2016,14.28
4/21/2016,14.29
4/22/2016,14.31
4/23/2016,14.32
4/24/2016,14.32
4/25/2016,14.32
4/26/2016,14.36
4/27/2016,14.37
4/28/2016,14.38
4/29/2016,14.4
4/30/2016,14.41
5/1/2016,14.41
5/2/2016,14.41
5/3/2016,14.46
5/4/2016,14.47
5/5/2016,14.48
5/6/2016,14.5
5/7/2016,14.51
5/8/2016,14.51
5/9/2016,14.51
5/10/2016,14.55
5/11/2016,14.57
5/12/2016,14.58
5/13/2016,14.6
5/14/2016,14.61
5/15/2016,14.61
5/16/2016,14.61
5/17/2016,14.65
5/18/2016,14.67
5/19/2016,14.68
5/20/2016,14.7
5/21/2016,14.71
5/22/2016,14.71
5/23/2016,14.71
5/24/2016,14.75
5/25/2016,14.77
5/26/2016,14.77
5/27/2016,14.8
5/28/2016,14.82
5/29/2016,14.82
5/30/2016,14.82
5/31/2016,14.86
6/1/2016,14.88
6/2/2016,14.9
6/3/2016,14.91
6/4/2016,14.93
6/5/2016,14.93
6/6/2016,14.93
6/7/2016,14.98
6/8/2016,14.99
6/9/2016,15.01
6/10/2016,15.02
6/11/2016,15.04
6/12/2016,15.04
6/13/2016,15.04
6/14/2016,15.09
6/15/2016,15.11
6/16/2016,15.12
6/17/2016,15.14
6/18/2016,15.14
6/19/2016,15.14
6/20/2016,15.14
6/21/2016,15.14
6/22/2016,15.22
6/23/2016,15.24
6/24/2016,15.25
6/25/2016,15.27
6/26/2016,15.27
6/27/2016,15.27
6/28/2016,15.33
6/29/2016,15.35
6/30/2016,15.37
7/1/2016,15.39
7/2/2016,15.41
7/3/2016,15.41
7/4/2016,15.41
7/5/2016,15.48
7/6/2016,15.5
7/7/2016,15.52
7/8/2016,15.54
7/9/2016,15.54
7/10/2016,15.54
7/11/2016,15.54
7/12/2016,15.62
7/13/2016,15.65
7/14/2016,15.67
7/15/2016,15.69
7/16/2016,15.71
7/17/2016,15.71
7/18/2016,15.71
7/19/2016,15.76
7/20/2016,15.77
7/21/2016,15.79
7/22/2016,15.8
7/23/2016,15.82
7/24/2016,15.82
7/25/2016,15.82
7/26/2016,15.86
7/27/2016,15.88
7/28/2016,15.9
7/29/2016,15.91
7/30/2016,15.93
7/31/2016,15.93
8/1/2016,15.93
8/2/2016,15.97
8/3/2016,15.99
8/4/2016,16
8/5/2016,16.02
8/6/2016,16.04
8/7/2016,16.04
8/8/2016,16.04
8/9/2016,16.08
8/10/2016,16.1
8/11/2016,16.11
8/12/2016,16.13
8/13/2016,16.15
8/14/2016,16.15
8/15/2016,16.15
8/16/2016,16.15
8/17/2016,16.2
8/18/2016,16.21
8/19/2016,16.22
8/20/2016,16.23
8/21/2016,16.23
8/22/2016,16.23
8/23/2016,16.26
8/24/2016,16.27
8/25/2016,16.28
8/26/2016,16.29
8/27/2016,16.3
8/28/2016,16.3
8/29/2016,16.3
8/30/2016,16.34
8/31/2016,16.35
9/1/2016,16.36
9/2/2016,16.37
9/3/2016,16.38
9/4/2016,16.38
9/5/2016,16.38
9/6/2016,16.41
9/7/2016,16.42
9/8/2016,16.43
9/9/2016,16.44
9/10/2016,16.45
9/11/2016,16.45
9/12/2016,16.45
9/13/2016,16.48
9/14/2016,16.49
9/15/2016,16.5
9/16/2016,16.51
9/17/2016,16.51
9/18/2016,16.51
9/19/2016,16.51
9/20/2016,16.51
9/21/2016,16.51
9/22/2016,16.52
9/23/2016,16.52
9/24/2016,16.52
9/25/2016,16.52
9/26/2016,16.52
9/27/2016,16.52
9/28/2016,16.52
9/29/2016,16.52
9/30/2016,16.52
10/1/2016,16.52
10/2/2016,16.52
10/3/2016,16.52
10/4/2016,16.53
10/5/2016,16.53
10/6/2016,16.53
10/7/2016,16.53
10/8/2016,16.53
10/9/2016,16.53
10/10/2016,16.53
10/11/2016,16.53
10/12/2016,16.54
10/13/2016,16.54
10/14/2016,16.54
10/15/2016,16.54
10/16/2016,16.54
10/17/2016,16.54
10/18/2016,16.55
10/19/2016,16.56
10/20/2016,16.56
10/21/2016,16.57
10/22/2016,16.57
10/23/2016,16.57
10/24/2016,16.57
10/25/2016,16.59
10/26/2016,16.6
10/27/2016,16.6
10/28/2016,16.61
10/29/2016,16.62
10/30/2016,16.62
10/31/2016,16.62
11/1/2016,16.63
11/2/2016,16.64
11/3/2016,16.64
11/4/2016,16.65
11/5/2016,16.66
11/6/2016,16.66
11/7/2016,16.66
11/8/2016,16.67
11/9/2016,16.68
11/10/2016,16.69
11/11/2016,16.69
11/12/2016,16.7
11/13/2016,16.7
11/14/2016,16.7
11/15/2016,16.72
11/16/2016,16.72
11/17/2016,16.73
11/18/2016,16.75
11/19/2016,16.76
11/20/2016,16.76
11/21/2016,16.76
11/22/2016,16.8
11/23/2016,16.82
11/24/2016,16.83
11/25/2016,16.84
11/26/2016,16.86
11/27/2016,16.86
11/28/2016,16.86
11/29/2016,16.86
11/30/2016,16.91
12/1/2016,16.92
12/2/2016,16.94
12/3/2016,16.95
12/4/2016,16.95
12/5/2016,16.95
12/6/2016,16.99
12/7/2016,17
12/8/2016,17.02
12/9/2016,17.02
12/10/2016,17.02
12/11/2016,17.02
12/12/2016,17.02
12/13/2016,17.09
12/14/2016,17.1
12/15/2016,17.11
12/16/2016,17.13
12/17/2016,17.14
12/18/2016,17.14
12/19/2016,17.14
12/20/2016,17.16
12/21/2016,17.17
12/22/2016,17.18
12/23/2016,17.19
12/24/2016,17.2
12/25/2016,17.2
12/26/2016,17.2
12/27/2016,17.22
12/28/2016,17.23
12/29/2016,17.24
12/30/2016,17.25
12/31/2016,17.26
1/1/2017,17.26
1/2/2017,17.26
1/3/2017,17.29
1/4/2017,17.29
1/5/2017,17.3
1/6/2017,17.31
1/7/2017,17.32
1/8/2017,17.32
1/9/2017,17.32
1/10/2017,17.35
1/11/2017,17.36
1/12/2017,17.36
1/13/2017,17.37
1/14/2017,17.38
1/15/2017,17.38
1/16/2017,17.38
1/17/2017,17.41
1/18/2017,17.41
1/19/2017,17.42
1/20/2017,17.43
1/21/2017,17.43
1/22/2017,17.43
1/23/2017,17.43
1/24/2017,17.45
1/25/2017,17.46
1/26/2017,17.47
1/27/2017,17.47
1/28/2017,17.48
1/29/2017,17.48
1/30/2017,17.48
1/31/2017,17.5
2/1/2017,17.51
2/2/2017,17.51
2/3/2017,17.52
2/4/2017,17.53
2/5/2017,17.53
2/6/2017,17.53
2/7/2017,17.55
2/8/2017,17.56
2/9/2017,17.56
2/10/2017,17.57
2/11/2017,17.58
2/12/2017,17.58
2/13/2017,17.58
2/14/2017,17.6
2/15/2017,17.6
2/16/2017,17.61
2/17/2017,17.62
2/18/2017,17.63
2/19/2017,17.63
2/20/2017,17.63
2/21/2017,17.65
2/22/2017,17.66
2/23/2017,17.67
2/24/2017,17.67
2/25/2017,17.68
2/26/2017,17.68
2/27/2017,17.68
2/28/2017,17.68
3/1/2017,17.68
3/2/2017,17.72
3/3/2017,17.73
3/4/2017,17.74
3/5/2017,17.74
3/6/2017,17.74
3/7/2017,17.76
3/8/2017,17.77
3/9/2017,17.78
3/10/2017,17.79
3/11/2017,17.8
3/12/2017,17.8
3/13/2017,17.8
3/14/2017,17.82
3/15/2017,17.83
3/16/2017,17.84
3/17/2017,17.85
3/18/2017,17.87
3/19/2017,17.87
3/20/2017,17.87
3/21/2017,17.91
3/22/2017,17.92
3/23/2017,17.94
3/24/2017,17.95
3/25/2017,17.95
3/26/2017,17.95
3/27/2017,17.95
3/28/2017,18.01
3/29/2017,18.02
3/30/2017,18.04
3/31/2017,18.05
4/1/2017,18.07
4/2/2017,18.07
4/3/2017,18.07
4/4/2017,18.11
4/5/2017,18.13
4/6/2017,18.14
4/7/2017,18.16
4/8/2017,18.17
4/9/2017,18.17
4/10/2017,18.17
4/11/2017,18.22
4/12/2017,18.23
4/13/2017,18.24
4/14/2017,18.24
4/15/2017,18.24
4/16/2017,18.24
4/17/2017,18.24
4/18/2017,18.32
4/19/2017,18.33
4/20/2017,18.35
4/21/2017,18.36
4/22/2017,18.38
4/23/2017,18.38
4/24/2017,18.38
4/25/2017,18.42
4/26/2017,18.43
4/27/2017,18.45
4/28/2017,18.46
4/29/2017,18.48
4/30/2017,18.48
5/1/2017,18.48
5/2/2017,18.48
5/3/2017,18.54
5/4/2017,18.55
5/5/2017,18.56
5/6/2017,18.58
5/7/2017,18.58
5/8/2017,18.58
5/9/2017,18.62
5/10/2017,18.64
5/11/2017,18.65
5/12/2017,18.67
5/13/2017,18.68
5/14/2017,18.68
5/15/2017,18.68
5/16/2017,18.73
5/17/2017,18.74
5/18/2017,18.76
5/19/2017,18.77
5/20/2017,18.79
5/21/2017,18.79
5/22/2017,18.79
5/23/2017,18.83
5/24/2017,18.85
5/25/2017,18.87
5/26/2017,18.87
5/27/2017,18.9
5/28/2017,18.9
5/29/2017,18.9
5/30/2017,18.94
5/31/2017,18.96
6/1/2017,18.97
6/2/2017,18.99
6/3/2017,19
6/4/2017,19
6/5/2017,19
6/6/2017,19.05
6/7/2017,19.07
6/8/2017,19.08
6/9/2017,19.1
6/10/2017,19.11
6/11/2017,19.11
6/12/2017,19.11
6/13/2017,19.16
6/14/2017,19.18
6/15/2017,19.19
6/16/2017,19.21
6/17/2017,19.22
6/18/2017,19.22
6/19/2017,19.22
6/20/2017,19.24
6/21/2017,19.24
6/22/2017,19.26
6/23/2017,19.27
6/24/2017,19.28
6/25/2017,19.28
6/26/2017,19.28
6/27/2017,19.3
6/28/2017,19.31
6/29/2017,19.32
6/30/2017,19.33
7/1/2017,19.34
7/2/2017,19.34
7/3/2017,19.34
7/4/2017,19.36
7/5/2017,19.37
7/6/2017,19.38
7/7/2017,19.39
7/8/2017,19.4
7/9/2017,19.4
7/10/2017,19.4
7/11/2017,19.42
7/12/2017,19.43
7/13/2017,19.44
7/14/2017,19.45
7/15/2017,19.46
7/16/2017,19.46
7/17/2017,19.46
7/18/2017,19.48
7/19/2017,19.49
7/20/2017,19.49
7/21/2017,19.5
7/22/2017,19.51
7/23/2017,19.51
7/24/2017,19.51
7/25/2017,19.53
7/26/2017,19.54
7/27/2017,19.55
7/28/2017,19.55
7/29/2017,19.56
7/30/2017,19.56
7/31/2017,19.56
8/1/2017,19.58
8/2/2017,19.59
8/3/2017,19.6
8/4/2017,19.6
8/5/2017,19.61
8/6/2017,19.61
8/7/2017,19.61
8/8/2017,19.63
8/9/2017,19.64
8/10/2017,19.65
8/11/2017,19.65
8/12/2017,19.66
8/13/2017,19.66
8/14/2017,19.66
8/15/2017,19.68
8/16/2017,19.69
8/17/2017,19.7
8/18/2017,19.71
8/19/2017,19.72
8/20/2017,19.72
8/21/2017,19.72
8/22/2017,19.72
8/23/2017,19.77
8/24/2017,19.78
8/25/2017,19.79
8/26/2017,19.8
8/27/2017,19.8
8/28/2017,19.8
8/29/2017,19.83
8/30/2017,19.84
8/31/2017,19.85
9/1/2017,19.86
9/2/2017,19.87
9/3/2017,19.87
9/4/2017,19.87
9/5/2017,19.9
9/6/2017,19.92
9/7/2017,19.93
9/8/2017,19.94
9/9/2017,19.95
9/10/2017,19.95
9/11/2017,19.95
9/12/2017,19.98
9/13/2017,19.99
9/14/2017,20
9/15/2017,20.01
9/16/2017,20.02
9/17/2017,20.02
9/18/2017,20.02
9/19/2017,20.05
9/20/2017,20.06
9/21/2017,20.07
9/22/2017,20.08
9/23/2017,20.09
9/24/2017,20.09
9/25/2017,20.09
9/26/2017,20.12
9/27/2017,20.13
9/28/2017,20.14
9/29/2017,20.15
9/30/2017,20.16
10/1/2017,20.16
10/2/2017,20.16
10/3/2017,20.18
10/4/2017,20.19
10/5/2017,20.2
10/6/2017,20.21
10/7/2017,20.22
10/8/2017,20.22
10/9/2017,20.22
10/10/2017,20.22
10/11/2017,20.26
10/12/2017,20.27
10/13/2017,20.28
10/14/2017,20.29
10/15/2017,20.29
10/16/2017,20.29
10/17/2017,20.32
10/18/2017,20.33
10/19/2017,20.35
10/20/2017,20.36
10/21/2017,20.37
10/22/2017,20.37
10/23/2017,20.37
10/24/2017,20.41
10/25/2017,20.42
10/26/2017,20.44
10/27/2017,20.45
10/28/2017,20.46
10/29/2017,20.46
10/30/2017,20.46
10/31/2017,20.5
11/1/2017,20.51
11/2/2017,20.52
11/3/2017,20.54
11/4/2017,20.55
11/5/2017,20.55
11/6/2017,20.55
11/7/2017,20.55
11/8/2017,20.6
11/9/2017,20.61
11/10/2017,20.62
11/11/2017,20.64
11/12/2017,20.64
11/13/2017,20.64
11/14/2017,20.68
11/15/2017,20.69
11/16/2017,20.7
11/17/2017,20.71
11/18/2017,20.72
11/19/2017,20.72
11/20/2017,20.72
11/21/2017,20.72
11/22/2017,20.76
11/23/2017,20.77
11/24/2017,20.79
11/25/2017,20.8
11/26/2017,20.8
11/27/2017,20.8
11/28/2017,20.83
11/29/2017,20.84
11/30/2017,20.85
12/1/2017,20.86
12/2/2017,20.87
12/3/2017,20.87
12/4/2017,20.87
12/5/2017,20.9
12/6/2017,20.91
12/7/2017,20.92
12/8/2017,20.93
12/9/2017,20.93
12/10/2017,20.93
12/11/2017,20.93
12/12/2017,20.98
12/13/2017,20.99
12/14/2017,21
12/15/2017,21.01
12/16/2017,21.02
12/17/2017,21.02
12/18/2017,21.02
12/19/2017,21.05
12/20/2017,21.06
12/21/2017,21.07
12/22/2017,21.08
12/23/2017,21.09
12/24/2017,21.09
12/25/2017,21.09
12/26/2017,21.09
12/27/2017,21.12
12/28/2017,21.13
12/29/2017,21.14
12/30/2017,21.15
12/31/2017,21.15
1/1/2018,21.15
1/2/2018,21.15
1/3/2018,21.19
1/4/2018,21.2
1/5/2018,21.21
1/6/2018,21.22
1/7/2018,21.22
1/8/2018,21.22
1/9/2018,21.25
1/10/2018,21.26
1/11/2018,21.27
1/12/2018,21.28
1/13/2018,21.29
1/14/2018,21.29
1/15/2018,21.29
1/16/2018,21.32
1/17/2018,21.34
1/18/2018,21.36
1/19/2018,21.38
1/20/2018,21.4
1/21/2018,21.4
1/22/2018,21.4
1/23/2018,21.47
1/24/2018,21.49
1/25/2018,21.51
1/26/2018,21.53
1/27/2018,21.55
1/28/2018,21.55
1/29/2018,21.55
1/30/2018,21.62
1/31/2018,21.64
2/1/2018,21.66
2/2/2018,21.68
2/3/2018,21.7
2/4/2018,21.7
2/5/2018,21.7
2/6/2018,21.77
2/7/2018,21.79
2/8/2018,21.81
2/9/2018,21.83
2/10/2018,21.85
2/11/2018,21.85
2/12/2018,21.85
2/13/2018,21.85
2/14/2018,21.85
2/15/2018,21.96
2/16/2018,21.98
2/17/2018,21.99
2/18/2018,21.99
2/19/2018,21.99
2/20/2018,22.04
2/21/2018,22.05
2/22/2018,22.07
2/23/2018,22.08
2/24/2018,22.09
2/25/2018,22.09
2/26/2018,22.09
2/27/2018,22.14
2/28/2018,22.15
3/1/2018,22.17
3/2/2018,22.18
3/3/2018,22.2
3/4/2018,22.2
3/5/2018,22.2
3/6/2018,22.24
3/7/2018,22.25
3/8/2018,22.27
3/9/2018,22.28
3/10/2018,22.3
3/11/2018,22.3
3/12/2018,22.3
3/13/2018,22.34
3/14/2018,22.35
3/15/2018,22.37
3/16/2018,22.38
3/17/2018,22.4
3/18/2018,22.4
3/19/2018,22.4
3/20/2018,22.45
3/21/2018,22.47
3/22/2018,22.49
3/23/2018,22.5
3/24/2018,22.52
3/25/2018,22.52
3/26/2018,22.52
3/27/2018,22.57
3/28/2018,22.59
3/29/2018,22.61
3/30/2018,22.61
3/31/2018,22.61
4/1/2018,22.61
4/2/2018,22.61
4/3/2018,22.61
4/4/2018,22.71
4/5/2018,22.73
4/6/2018,22.75
4/7/2018,22.76
4/8/2018,22.76
4/9/2018,22.76
4/10/2018,22.81
4/11/2018,22.83
4/12/2018,22.85
4/13/2018,22.87
4/14/2018,22.88
4/15/2018,22.88
4/16/2018,22.88
4/17/2018,22.94
4/18/2018,22.95
4/19/2018,22.97
4/20/2018,22.99
4/21/2018,23.01
4/22/2018,23.01
4/23/2018,23.01
4/24/2018,23.06
4/25/2018,23.08
4/26/2018,23.09
4/27/2018,23.11
4/28/2018,23.13
4/29/2018,23.13
4/30/2018,23.13
5/1/2018,23.13
5/2/2018,23.13
5/3/2018,23.22
5/4/2018,23.23
5/5/2018,23.25
5/6/2018,23.25
5/7/2018,23.25
5/8/2018,23.31
5/9/2018,23.32
5/10/2018,23.34
5/11/2018,23.36
5/12/2018,23.38
5/13/2018,23.38
5/14/2018,23.38
5/15/2018,23.43
5/16/2018,23.45
5/17/2018,23.47
5/18/2018,23.49
5/19/2018,23.51
5/20/2018,23.51
5/21/2018,23.51
5/22/2018,23.57
5/23/2018,23.59
5/24/2018,23.61
5/25/2018,23.63
5/26/2018,23.63
5/27/2018,23.63
5/28/2018,23.63
5/29/2018,23.71
5/30/2018,23.73
5/31/2018,23.75
6/1/2018,23.77
6/2/2018,23.79
6/3/2018,23.79
6/4/2018,23.79
6/5/2018,23.85
6/6/2018,23.87
6/7/2018,23.89
6/8/2018,23.92
6/9/2018,23.94
6/10/2018,23.94
6/11/2018,23.94
6/12/2018,24
6/13/2018,24.02
6/14/2018,24.04
6/15/2018,24.06
6/16/2018,24.08
6/17/2018,24.08
6/18/2018,24.08
6/19/2018,24.13
6/20/2018,24.15
6/21/2018,24.15
6/22/2018,24.18
6/23/2018,24.2
6/24/2018,24.2
6/25/2018,24.2
6/26/2018,24.25
6/27/2018,24.26
6/28/2018,24.28
6/29/2018,24.3
6/30/2018,24.31
7/1/2018,24.31
7/2/2018,24.31
7/3/2018,24.37
7/4/2018,24.38
7/5/2018,24.4
7/6/2018,24.42
7/7/2018,24.43
7/8/2018,24.43
7/9/2018,24.43
7/10/2018,24.43
7/11/2018,24.5
7/12/2018,24.52
7/13/2018,24.53
7/14/2018,24.55
7/15/2018,24.55
7/16/2018,24.55
7/17/2018,24.61
7/18/2018,24.64
7/19/2018,24.67
7/20/2018,24.7
7/21/2018,24.73
7/22/2018,24.73
7/23/2018,24.73
7/24/2018,24.82
7/25/2018,24.85
7/26/2018,24.88
7/27/2018,24.9
7/28/2018,24.93
7/29/2018,24.93
7/30/2018,24.93
7/31/2018,25.02
8/1/2018,25.05
8/2/2018,25.08
8/3/2018,25.11
8/4/2018,25.14
8/5/2018,25.14
8/6/2018,25.14
8/7/2018,25.23
8/8/2018,25.26
8/9/2018,25.29
8/10/2018,25.32
8/11/2018,25.35
8/12/2018,25.35
8/13/2018,25.35
8/14/2018,25.44
8/15/2018,25.47
8/16/2018,25.5
8/17/2018,25.52
8/18/2018,25.55
8/19/2018,25.55
8/20/2018,25.55
8/21/2018,25.55
8/22/2018,25.65
8/23/2018,25.67
8/24/2018,25.7
8/25/2018,25.72
8/26/2018,25.72
8/27/2018,25.72
8/28/2018,25.8
8/29/2018,25.82
8/30/2018,25.85
8/31/2018,25.87
9/1/2018,25.9
9/2/2018,25.9
9/3/2018,25.9
9/4/2018,25.98
9/5/2018,26
9/6/2018,26.03
9/7/2018,26.05
9/8/2018,26.08
9/9/2018,26.08
9/10/2018,26.08
9/11/2018,26.16
9/12/2018,26.18
9/13/2018,26.21
9/14/2018,26.23
9/15/2018,26.26
9/16/2018,26.26
9/17/2018,26.26
9/18/2018,26.35
9/19/2018,26.39
9/20/2018,26.42
9/21/2018,26.45
9/22/2018,26.49
9/23/2018,26.49
9/24/2018,26.49
9/25/2018,26.59
9/26/2018,26.62
9/27/2018,26.66
9/28/2018,26.69
9/29/2018,26.73
9/30/2018,26.73
10/1/2018,26.73
10/2/2018,26.83
10/3/2018,26.86
10/4/2018,26.9
10/5/2018,26.93
10/6/2018,26.96
10/7/2018,26.96
10/8/2018,26.96
10/9/2018,27.07
10/10/2018,27.1
10/11/2018,27.14
10/12/2018,27.17
10/13/2018,27.21
10/14/2018,27.21
10/15/2018,27.21
10/16/2018,27.21
10/17/2018,27.37
10/18/2018,27.42
10/19/2018,27.48
10/20/2018,27.53
10/21/2018,27.53
10/22/2018,27.53
10/23/2018,27.7
10/24/2018,27.76
10/25/2018,27.81
10/26/2018,27.87
10/27/2018,27.93
10/28/2018,27.93
10/29/2018,27.93
10/30/2018,28.1
10/31/2018,28.16
11/1/2018,28.21
11/2/2018,28.27
11/3/2018,28.33
11/4/2018,28.33
11/5/2018,28.33
11/6/2018,28.5
11/7/2018,28.5
11/8/2018,28.62
11/9/2018,28.68
11/10/2018,28.73
11/11/2018,28.73
11/12/2018,28.73
11/13/2018,28.91
11/14/2018,28.97
11/15/2018,29.03
11/16/2018,29.09
11/17/2018,29.14
11/18/2018,29.14
11/19/2018,29.14
11/20/2018,29.14
11/21/2018,29.34
11/22/2018,29.39
11/23/2018,29.45
11/24/2018,29.5
11/25/2018,29.5
11/26/2018,29.5
11/27/2018,29.65
11/28/2018,29.7
11/29/2018,29.76
11/30/2018,29.81
12/1/2018,29.81
12/2/2018,29.81
12/3/2018,29.81
12/4/2018,30.02
12/5/2018,30.07
12/6/2018,30.12
12/7/2018,30.18
12/8/2018,30.23
12/9/2018,30.23
12/10/2018,30.23
12/11/2018,30.39
12/12/2018,30.44
12/13/2018,30.5
12/14/2018,30.55
12/15/2018,30.6
12/16/2018,30.6
12/17/2018,30.6
12/18/2018,30.72
12/19/2018,30.75
12/20/2018,30.78
12/21/2018,30.81
12/22/2018,30.84
12/23/2018,30.84
12/24/2018,30.84
12/25/2018,30.84
12/26/2018,30.84
12/27/2018,31
12/28/2018,31.03
12/29/2018,31.06
12/30/2018,31.06
12/31/2018,31.06
1/1/2019,31.06
1/2/2019,31.06
1/3/2019,31.22
1/4/2019,31.25
1/5/2019,31.29
1/6/2019,31.29
1/7/2019,31.29
1/8/2019,31.38
1/9/2019,31.41
1/10/2019,31.45
1/11/2019,31.48
1/12/2019,31.51
1/13/2019,31.51
1/14/2019,31.51
1/15/2019,31.61
1/16/2019,31.64
1/17/2019,31.66
1/18/2019,31.69
1/19/2019,31.72
1/20/2019,31.72
1/21/2019,31.72
1/22/2019,31.8
1/23/2019,31.82
1/24/2019,31.85
1/25/2019,31.87
1/26/2019,31.9
1/27/2019,31.9
1/28/2019,31.9
1/29/2019,31.98
1/30/2019,32.01
1/31/2019,32.03
2/1/2019,32.06
2/2/2019,32.09
2/3/2019,32.09
2/4/2019,32.09
2/5/2019,32.17
2/6/2019,32.19
2/7/2019,32.22
2/8/2019,32.25
2/9/2019,32.27
2/10/2019,32.27
2/11/2019,32.27
2/12/2019,32.35
2/13/2019,32.38
2/14/2019,32.41
2/15/2019,32.43
2/16/2019,32.46
2/17/2019,32.46
2/18/2019,32.46
2/19/2019,32.56
2/20/2019,32.59
2/21/2019,32.63
2/22/2019,32.66
2/23/2019,32.69
2/24/2019,32.69
2/25/2019,32.69
2/26/2019,32.79
2/27/2019,32.83
2/28/2019,32.86
3/1/2019,32.89
3/2/2019,32.93
3/3/2019,32.93
3/4/2019,32.93
3/5/2019,32.93
3/6/2019,32.93
3/7/2019,33.1
3/8/2019,33.13
3/9/2019,33.16
3/10/2019,33.16
3/11/2019,33.16
3/12/2019,33.27
3/13/2019,33.3
3/14/2019,33.33
3/15/2019,33.37
3/16/2019,33.4
3/17/2019,33.4
3/18/2019,33.4
3/19/2019,33.52
3/20/2019,33.56
3/21/2019,33.6
3/22/2019,33.64
3/23/2019,33.68
3/24/2019,33.68
3/25/2019,33.68
3/26/2019,33.81
3/27/2019,33.85
3/28/2019,33.89
3/29/2019,33.93
3/30/2019,33.97
3/31/2019,33.97
4/1/2019,33.97
4/2/2019,34.09
4/3/2019,34.09
4/4/2019,34.17
4/5/2019,34.22
4/6/2019,34.26
4/7/2019,34.26
4/8/2019,34.26
4/9/2019,34.38
4/10/2019,34.42
4/11/2019,34.46
4/12/2019,34.5
4/13/2019,34.55
4/14/2019,34.55
4/15/2019,34.55
4/16/2019,34.67
4/17/2019,34.72
4/18/2019,34.78
4/19/2019,34.78
4/20/2019,34.78
4/21/2019,34.78
4/22/2019,34.78
4/23/2019,35.04
4/24/2019,35.1
4/25/2019,35.15
4/26/2019,35.21
4/27/2019,35.26
4/28/2019,35.26
4/29/2019,35.26
4/30/2019,35.42
5/1/2019,35.48
5/2/2019,35.48
5/3/2019,35.59
5/4/2019,35.64
5/5/2019,35.64
5/6/2019,35.64
5/7/2019,35.8
5/8/2019,35.86
5/9/2019,35.91
5/10/2019,35.97
5/11/2019,36.02
5/12/2019,36.02
5/13/2019,36.02
5/14/2019,36.19
5/15/2019,36.25
5/16/2019,36.3
5/17/2019,36.34
5/18/2019,36.38
5/19/2019,36.38
5/20/2019,36.38
5/21/2019,36.5
5/22/2019,36.54
5/23/2019,36.58
5/24/2019,36.62
5/25/2019,36.65
5/26/2019,36.65
5/27/2019,36.65
5/28/2019,36.77
5/29/2019,36.81
5/30/2019,36.85
5/31/2019,36.89
6/1/2019,36.93
6/2/2019,36.93
6/3/2019,36.93
6/4/2019,37.05
6/5/2019,37.09
6/6/2019,37.13
6/7/2019,37.17
6/8/2019,37.21
6/9/2019,37.21
6/10/2019,37.21
6/11/2019,37.33
6/12/2019,37.37
6/13/2019,37.41
6/14/2019,37.45
6/15/2019,37.49
6/16/2019,37.49
6/17/2019,37.49
6/18/2019,37.49
6/19/2019,37.65
6/20/2019,37.69
6/21/2019,37.69
6/22/2019,37.76
6/23/2019,37.76
6/24/2019,37.76
6/25/2019,37.88
6/26/2019,37.92
6/27/2019,37.96
6/28/2019,38
6/29/2019,38.03
6/30/2019,38.03
7/1/2019,38.03
7/2/2019,38.15
7/3/2019,38.19
7/4/2019,38.23
7/5/2019,38.27
7/6/2019,38.31
7/7/2019,38.31
7/8/2019,38.31
7/9/2019,38.31
7/10/2019,38.31
7/11/2019,38.5
7/12/2019,38.54
7/13/2019,38.58
7/14/2019,38.58
7/15/2019,38.58
7/16/2019,38.7
7/17/2019,38.73
7/18/2019,38.76
7/19/2019,38.8
7/20/2019,38.83
7/21/2019,38.83
7/22/2019,38.83
7/23/2019,38.93
7/24/2019,38.97
7/25/2019,39
7/26/2019,39.03
7/27/2019,39.07
7/28/2019,39.07
7/29/2019,39.07
7/30/2019,39.17
7/31/2019,39.2
8/1/2019,39.23
8/2/2019,39.27
8/3/2019,39.3
8/4/2019,39.3
8/5/2019,39.3
8/6/2019,39.4
8/7/2019,39.44
8/8/2019,39.47
8/9/2019,39.5
8/10/2019,39.54
8/11/2019,39.54
8/12/2019,39.54
8/13/2019,39.64
8/14/2019,39.67
8/15/2019,39.71
8/16/2019,39.74
8/17/2019,39.77
8/18/2019,39.77
8/19/2019,39.77
8/20/2019,39.77
8/21/2019,39.88
8/22/2019,39.91
8/23/2019,39.94
8/24/2019,39.97
8/25/2019,39.97
8/26/2019,39.97
8/27/2019,40.05
8/28/2019,40.08
8/29/2019,40.11
8/30/2019,40.14
8/31/2019,40.16
9/1/2019,40.16
9/2/2019,40.16
9/3/2019,40.25
9/4/2019,40.28
9/5/2019,40.31
9/6/2019,40.33
9/7/2019,40.36
9/8/2019,40.36
9/9/2019,40.36
9/10/2019,40.45
9/11/2019,40.48
9/12/2019,40.5
9/13/2019,40.53
9/14/2019,40.56
9/15/2019,40.56
9/16/2019,40.56
9/17/2019,40.67
9/18/2019,40.72
9/19/2019,40.78
9/20/2019,40.83
9/21/2019,40.88
9/22/2019,40.88
9/23/2019,40.88
9/24/2019,41.04
9/25/2019,41.1
9/26/2019,41.15
9/27/2019,41.21
9/28/2019,41.26
9/29/2019,41.26
9/30/2019,41.26
10/1/2019,41.42
10/2/2019,41.48
10/3/2019,41.53
10/4/2019,41.58
10/5/2019,41.64
10/6/2019,41.64
10/7/2019,41.64
10/8/2019,41.8
10/9/2019,41.86
10/10/2019,41.91
10/11/2019,41.97
10/12/2019,42.02
10/13/2019,42.02
10/14/2019,42.02
10/15/2019,42.02
10/16/2019,42.24
10/17/2019,42.32
10/18/2019,42.4
10/19/2019,42.48
10/20/2019,42.48
10/21/2019,42.48
10/22/2019,42.71
10/23/2019,42.79
10/24/2019,42.87
10/25/2019,42.95
10/26/2019,43.03
10/27/2019,43.03
10/28/2019,43.03
10/29/2019,43.27
10/30/2019,43.35
10/31/2019,43.43
11/1/2019,43.51
11/2/2019,43.59
11/3/2019,43.59
11/4/2019,43.59
11/5/2019,43.83
11/6/2019,43.91
11/7/2019,43.91
11/8/2019,44.08
11/9/2019,44.16
11/10/2019,44.16
11/11/2019,44.16
11/12/2019,44.4
11/13/2019,44.49
11/14/2019,44.57
11/15/2019,44.65
11/16/2019,44.73
11/17/2019,44.73
11/18/2019,44.73
11/19/2019,44.73
11/20/2019,44.93
11/21/2019,44.98
11/22/2019,45.03
11/23/2019,45.07
11/24/2019,45.07
11/25/2019,45.07
11/26/2019,45.22
11/27/2019,45.27
11/28/2019,45.32
11/29/2019,45.37
11/30/2019,45.42
12/1/2019,45.42
12/2/2019,45.42
12/3/2019,45.57
12/4/2019,45.61
12/5/2019,45.66
12/6/2019,45.71
12/7/2019,45.76
12/8/2019,45.76
12/9/2019,45.76
12/10/2019,45.91
12/11/2019,45.96
12/12/2019,46.01
12/13/2019,46.06
12/14/2019,46.11
12/15/2019,46.11
12/16/2019,46.11
12/17/2019,46.27
12/18/2019,46.34
12/19/2019,46.4
12/20/2019,46.46
12/21/2019,46.53
12/22/2019,46.53
12/23/2019,46.53
12/24/2019,46.72
12/25/2019,46.78
12/26/2019,46.78
12/27/2019,46.91
12/28/2019,46.97
12/29/2019,46.97
12/30/2019,46.97
12/31/2019,47.16
1/1/2020,47.23
1/2/2020,47.23
1/3/2020,47.35
1/4/2020,47.42
1/5/2020,47.42
1/6/2020,47.42
1/7/2020,47.61
1/8/2020,47.68
1/9/2020,47.74
1/10/2020,47.81
1/11/2020,47.87
1/12/2020,47.87
1/13/2020,47.87
1/14/2020,48.07
1/15/2020,48.13
1/16/2020,48.2
1/17/2020,48.25
1/18/2020,48.31
1/19/2020,48.31
1/20/2020,48.31
1/21/2020,48.48
1/22/2020,48.54
1/23/2020,48.59
1/24/2020,48.65
1/25/2020,48.71
1/26/2020,48.71
1/27/2020,48.71
1/28/2020,48.88
1/29/2020,48.94
1/30/2020,49
1/31/2020,49.05
2/1/2020,49.11
2/2/2020,49.11
2/3/2020,49.11
2/4/2020,49.28
2/5/2020,49.34
2/6/2020,49.4
2/7/2020,49.46
2/8/2020,49.51
2/9/2020,49.51
2/10/2020,49.51
2/11/2020,49.69
2/12/2020,49.75
2/13/2020,49.81
2/14/2020,49.86
2/15/2020,49.92
2/16/2020,49.92
2/17/2020,49.92
2/18/2020,50.06
2/19/2020,50.1
2/20/2020,50.14
2/21/2020,50.18
2/22/2020,50.22
2/23/2020,50.22
2/24/2020,50.22
2/25/2020,50.22
2/26/2020,50.22
2/27/2020,50.41
2/28/2020,50.45
2/29/2020,50.49
3/1/2020,50.49
3/2/2020,50.49
3/3/2020,50.61
3/4/2020,50.65
3/5/2020,50.69
3/6/2020,50.73
3/7/2020,50.77
3/8/2020,50.77
3/9/2020,50.77
3/10/2020,50.89
3/11/2020,50.93
3/12/2020,50.97
3/13/2020,51.01
3/14/2020,51.05
3/15/2020,51.05
3/16/2020,51.05
3/17/2020,51.16
3/18/2020,51.2
3/19/2020,51.23
3/20/2020,51.26
3/21/2020,51.29
3/22/2020,51.29
3/23/2020,51.29
3/24/2020,51.29
3/25/2020,51.29
3/26/2020,51.46
3/27/2020,51.49
3/28/2020,51.52
3/29/2020,51.52
3/30/2020,51.52
3/31/2020,51.62
4/1/2020,51.66
4/2/2020,51.69
4/3/2020,51.69
4/4/2020,51.76
4/5/2020,51.76
4/6/2020,51.76
4/7/2020,51.85
4/8/2020,51.89
4/9/2020,51.92
4/10/2020,51.92
4/11/2020,51.92
4/12/2020,51.92
4/13/2020,51.92
4/14/2020,52.09
4/15/2020,52.12
4/16/2020,52.15
4/17/2020,52.21
4/18/2020,52.27
4/19/2020,52.27
4/20/2020,52.27
4/21/2020,52.44
4/22/2020,52.49
4/23/2020,52.55
4/24/2020,52.61
4/25/2020,52.66
4/26/2020,52.66
4/27/2020,52.66
4/28/2020,52.84
4/29/2020,52.89
4/30/2020,52.95
5/1/2020,53.01
5/2/2020,53.01
5/3/2020,53.01
5/4/2020,53.01
5/5/2020,53.24
5/6/2020,53.29
5/7/2020,53.35
5/8/2020,53.41
5/9/2020,53.47
5/10/2020,53.47
5/11/2020,53.47
5/12/2020,53.64
5/13/2020,53.7
5/14/2020,53.76
5/15/2020,53.82
5/16/2020,53.87
5/17/2020,53.87
5/18/2020,53.87
5/19/2020,53.95
5/20/2020,53.98
5/21/2020,54
5/22/2020,54.03
5/23/2020,54.06
5/24/2020,54.06
5/25/2020,54.06
5/26/2020,54.06
5/27/2020,54.16
5/28/2020,54.19
5/29/2020,54.21
5/30/2020,54.24
5/31/2020,54.24
6/1/2020,54.24
6/2/2020,54.32
6/3/2020,54.34
6/4/2020,54.37
6/5/2020,54.39
6/6/2020,54.42
6/7/2020,54.42
6/8/2020,54.42
6/9/2020,54.5
6/10/2020,54.53
6/11/2020,54.55
6/12/2020,54.58
6/13/2020,54.6
6/14/2020,54.6
6/15/2020,54.6
6/16/2020,54.6
6/17/2020,54.71
6/18/2020,54.74
6/19/2020,54.76
6/20/2020,54.79
6/21/2020,54.79
6/22/2020,54.79
6/23/2020,54.87
6/24/2020,54.9
6/25/2020,54.93
6/26/2020,54.95
6/27/2020,54.98
6/28/2020,54.98
6/29/2020,54.98
6/30/2020,55.06
7/1/2020,55.09
7/2/2020,55.12
7/3/2020,55.15
7/4/2020,55.17
7/5/2020,55.17
7/6/2020,55.17
7/7/2020,55.26
7/8/2020,55.28
7/9/2020,55.31
7/10/2020,55.31
7/11/2020,55.31
7/12/2020,55.31
7/13/2020,55.31
7/14/2020,55.45
7/15/2020,55.48
7/16/2020,55.5
7/17/2020,55.54
7/18/2020,55.58
7/19/2020,55.58
7/20/2020,55.58
7/21/2020,55.7
7/22/2020,55.74
7/23/2020,55.78
7/24/2020,55.82
7/25/2020,55.85
7/26/2020,55.85
7/27/2020,55.85
7/28/2020,55.97
7/29/2020,56.01
7/30/2020,56.05
7/31/2020,56.09
8/1/2020,56.13
8/2/2020,56.13
8/3/2020,56.13
8/4/2020,56.25
8/5/2020,56.29
8/6/2020,56.33
8/7/2020,56.37
8/8/2020,56.41
8/9/2020,56.41
8/10/2020,56.41
8/11/2020,56.53
8/12/2020,56.56
8/13/2020,56.6
8/14/2020,56.64
8/15/2020,56.68
8/16/2020,56.68
8/17/2020,56.68
8/18/2020,56.68
8/19/2020,56.83
8/20/2020,56.86
8/21/2020,56.9
8/22/2020,56.93
8/23/2020,56.93
8/24/2020,56.93
8/25/2020,57.03
8/26/2020,57.07
8/27/2020,57.1
8/28/2020,57.14
8/29/2020,57.17
8/30/2020,57.17
8/31/2020,57.17
9/1/2020,57.28
9/2/2020,57.31
9/3/2020,57.35
9/4/2020,57.38
9/5/2020,57.42
9/6/2020,57.42
9/7/2020,57.42
9/8/2020,57.52
9/9/2020,57.56
9/10/2020,57.59
9/11/2020,57.63
9/12/2020,57.66
9/13/2020,57.66
9/14/2020,57.66
9/15/2020,57.77
9/16/2020,57.8
9/17/2020,57.85
9/18/2020,57.9
9/19/2020,57.96
9/20/2020,57.96
9/21/2020,57.96
9/22/2020,58.11
9/23/2020,58.16
9/24/2020,58.21
9/25/2020,58.27
9/26/2020,58.32
9/27/2020,58.32
9/28/2020,58.32
9/29/2020,58.47
9/30/2020,58.52
10/1/2020,58.58
10/2/2020,58.63
10/3/2020,58.68
10/4/2020,58.68
10/5/2020,58.68
10/6/2020,58.84
10/7/2020,58.89
10/8/2020,58.94
10/9/2020,58.99
10/10/2020,59.05
10/11/2020,59.05
10/12/2020,59.05
10/13/2020,59.05
10/14/2020,59.26
10/15/2020,59.31
10/16/2020,59.36
10/17/2020,59.42
10/18/2020,59.42
10/19/2020,59.42
10/20/2020,59.57
10/21/2020,59.63
10/22/2020,59.68
10/23/2020,59.73
10/24/2020,59.79
10/25/2020,59.79
10/26/2020,59.79
10/27/2020,59.95
10/28/2020,60
10/29/2020,60.05
10/30/2020,60.11
10/31/2020,60.16
11/1/2020,60.16
11/2/2020,60.16
11/3/2020,60.32
11/4/2020,60.38
11/5/2020,60.43
11/6/2020,60.48
11/7/2020,60.48
11/8/2020,60.48
11/9/2020,60.48
11/10/2020,60.7
11/11/2020,60.75
11/12/2020,60.81
11/13/2020,60.86
11/14/2020,60.92
11/15/2020,60.92
11/16/2020,60.92
11/17/2020,61.1
11/18/2020,61.18
11/19/2020,61.25
11/20/2020,61.33
11/21/2020,61.4
11/22/2020,61.4
11/23/2020,61.4
11/24/2020,61.4
11/25/2020,61.71
11/26/2020,61.79
11/27/2020,61.86
11/28/2020,61.94
11/29/2020,61.94
11/30/2020,61.94
12/1/2020,62.17
12/2/2020,62.25
12/3/2020,62.33
12/4/2020,62.41
12/5/2020,62.48
12/6/2020,62.48
12/7/2020,62.48
12/8/2020,62.48
12/9/2020,62.48
12/10/2020,62.87
12/11/2020,62.95
12/12/2020,63.03
12/13/2020,63.03
12/14/2020,63.03
12/15/2020,63.26
12/16/2020,63.34
12/17/2020,63.41
12/18/2020,63.47
12/19/2020,63.54
12/20/2020,63.54
12/21/2020,63.54
12/22/2020,63.73
12/23/2020,63.8
12/24/2020,63.86
12/25/2020,63.93
12/26/2020,63.93
12/27/2020,63.93
12/28/2020,63.93
12/29/2020,64.19
12/30/2020,64.25
12/31/2020,64.32
1/1/2021,64.38
1/2/2021,64.38
1/3/2021,64.38
1/4/2021,64.38
1/5/2021,64.64
1/6/2021,64.71
1/7/2021,64.78
1/8/2021,64.84
1/9/2021,64.91
1/10/2021,64.91
1/11/2021,64.91
1/12/2021,65.11
1/13/2021,65.17
1/14/2021,65.24
1/15/2021,65.3
1/16/2021,65.37
1/17/2021,65.37
1/18/2021,65.37
1/19/2021,65.62
1/20/2021,65.7
1/21/2021,65.79
1/22/2021,65.87
1/23/2021,65.95
1/24/2021,65.95
1/25/2021,65.95
1/26/2021,66.2
1/27/2021,66.29
1/28/2021,66.37
1/29/2021,66.45
1/30/2021,66.54
1/31/2021,66.54
2/1/2021,66.54
2/2/2021,66.79
2/3/2021,66.88
2/4/2021,66.96
2/5/2021,67.05
2/6/2021,67.13
2/7/2021,67.13
2/8/2021,67.13
2/9/2021,67.39
2/10/2021,67.47
2/11/2021,67.56
2/12/2021,67.64
2/13/2021,67.73
2/14/2021,67.73
2/15/2021,67.73
2/16/2021,67.73
2/17/2021,67.73
2/18/2021,68.18
2/19/2021,68.27
2/20/2021,68.37
2/21/2021,68.37
2/22/2021,68.37
2/23/2021,68.65
2/24/2021,68.75
2/25/2021,68.85
2/26/2021,68.94
2/27/2021,69.04
2/28/2021,69.04
3/1/2021,69.04
3/2/2021,69.33
3/3/2021,69.43
3/4/2021,69.53
3/5/2021,69.62
3/6/2021,69.72
3/7/2021,69.72
3/8/2021,69.72
3/9/2021,70.01
3/10/2021,70.11
3/11/2021,70.21
3/12/2021,70.31
3/13/2021,70.41
3/14/2021,70.41
3/15/2021,70.41
3/16/2021,70.7
3/17/2021,70.79
3/18/2021,70.87
3/19/2021,70.95
3/20/2021,71.03
3/21/2021,71.03
3/22/2021,71.03
3/23/2021,71.27
3/24/2021,71.35
3/25/2021,71.35
3/26/2021,71.52
3/27/2021,71.6
3/28/2021,71.6
3/29/2021,71.6
3/30/2021,71.84
3/31/2021,71.92
4/1/2021,72.01
4/2/2021,72.01
4/3/2021,72.01
4/4/2021,72.01
4/5/2021,72.01
4/6/2021,72.42
4/7/2021,72.5
4/8/2021,72.58
4/9/2021,72.67
4/10/2021,72.75
4/11/2021,72.75
4/12/2021,72.75
4/13/2021,73
4/14/2021,73.08
4/15/2021,73.17
4/16/2021,73.25
4/17/2021,73.36
4/18/2021,73.36
4/19/2021,73.36
4/20/2021,73.71
4/21/2021,73.82
4/22/2021,73.94
4/23/2021,74.06
4/24/2021,74.17
4/25/2021,74.17
4/26/2021,74.17
4/27/2021,74.52
4/28/2021,74.64
4/29/2021,74.75
4/30/2021,74.87
5/1/2021,74.99
5/2/2021,74.99
5/3/2021,74.99
5/4/2021,75.34
5/5/2021,75.46
5/6/2021,75.58
5/7/2021,75.69
5/8/2021,75.81
5/9/2021,75.81
5/10/2021,75.81
5/11/2021,76.17
5/12/2021,76.29
5/13/2021,76.41
5/14/2021,76.53
5/15/2021,76.65
5/16/2021,76.65
5/17/2021,76.65
5/18/2021,76.97
5/19/2021,77.06
5/20/2021,77.16
5/21/2021,77.26
5/22/2021,77.37
5/23/2021,77.37
5/24/2021,77.37
5/25/2021,77.37
5/26/2021,77.37
5/27/2021,77.87
5/28/2021,77.97
5/29/2021,78.07
5/30/2021,78.07
5/31/2021,78.07
6/1/2021,78.37
6/2/2021,78.48
6/3/2021,78.58
6/4/2021,78.68
6/5/2021,78.78
6/6/2021,78.78
6/7/2021,78.78
6/8/2021,79.09
6/9/2021,79.19
6/10/2021,79.29
6/11/2021,79.4
6/12/2021,79.5
6/13/2021,79.5
6/14/2021,79.5
6/15/2021,79.81
6/16/2021,79.91
6/17/2021,80
6/18/2021,80.09
6/19/2021,80.17
6/20/2021,80.17
6/21/2021,80.17
6/22/2021,80.17
6/23/2021,80.52
6/24/2021,80.61
6/25/2021,80.7
6/26/2021,80.78
6/27/2021,80.78
6/28/2021,80.78
6/29/2021,81.05
6/30/2021,81.13
7/1/2021,81.22
7/2/2021,81.31
7/3/2021,81.4
7/4/2021,81.4
7/5/2021,81.4
7/6/2021,81.66
7/7/2021,81.75
7/8/2021,81.84
7/9/2021,81.93
7/10/2021,81.93
7/11/2021,81.93
7/12/2021,81.93
7/13/2021,82.28
7/14/2021,82.37
7/15/2021,82.46
7/16/2021,82.55
7/17/2021,82.63
7/18/2021,82.63
7/19/2021,82.63
7/20/2021,82.89
7/21/2021,82.97
7/22/2021,83.06
7/23/2021,83.14
7/24/2021,83.22
7/25/2021,83.22
7/26/2021,83.22
7/27/2021,83.48
7/28/2021,83.56
7/29/2021,83.65
7/30/2021,83.73
7/31/2021,83.82
8/1/2021,83.82
8/2/2021,83.82
8/3/2021,84.07
8/4/2021,84.16
8/5/2021,84.25
8/6/2021,84.33
8/7/2021,84.42
8/8/2021,84.42
8/9/2021,84.42
8/10/2021,84.67
8/11/2021,84.76
8/12/2021,84.85
8/13/2021,84.93
8/14/2021,85.02
8/15/2021,85.02
8/16/2021,85.02
8/17/2021,85.02
8/18/2021,85.35
8/19/2021,85.44
8/20/2021,85.52
8/21/2021,85.6
8/22/2021,85.6
8/23/2021,85.6
8/24/2021,85.84
8/25/2021,85.93
8/26/2021,86.01
8/27/2021,86.09
8/28/2021,86.17
8/29/2021,86.17
8/30/2021,86.17
8/31/2021,86.42
9/1/2021,86.5
9/2/2021,86.58
9/3/2021,86.67
9/4/2021,86.75
9/5/2021,86.75
9/6/2021,86.75
9/7/2021,87
9/8/2021,87.08
9/9/2021,87.16
9/10/2021,87.25
9/11/2021,87.33
9/12/2021,87.33
9/13/2021,87.33
9/14/2021,87.58
9/15/2021,87.66
9/16/2021,87.75
9/17/2021,87.82
9/18/2021,87.89
9/19/2021,87.89
9/20/2021,87.89
9/21/2021,88.11
9/22/2021,88.18
9/23/2021,88.25
9/24/2021,88.33
9/25/2021,88.4
9/26/2021,88.4
9/27/2021,88.4
9/28/2021,88.62
9/29/2021,88.69
9/30/2021,88.76
10/1/2021,88.84
10/2/2021,88.91
10/3/2021,88.91
10/4/2021,88.91
10/5/2021,89.13
10/6/2021,89.2
10/7/2021,89.28
10/8/2021,89.35
10/9/2021,89.35
10/10/2021,89.35
10/11/2021,89.35
10/12/2021,89.35
10/13/2021,89.72
10/14/2021,89.79
10/15/2021,89.87
10/16/2021,89.94
10/17/2021,89.94
10/18/2021,89.94
10/19/2021,90.24
10/20/2021,90.34
10/21/2021,90.44
10/22/2021,90.54
10/23/2021,90.64
10/24/2021,90.64
10/25/2021,90.64
10/26/2021,90.95
10/27/2021,91.05
10/28/2021,91.15
10/29/2021,91.25
10/30/2021,91.35
10/31/2021,91.35
11/1/2021,91.35
11/2/2021,91.65
11/3/2021,91.76
11/4/2021,91.86
11/5/2021,91.96
11/6/2021,92.06
11/7/2021,92.06
11/8/2021,92.06
11/9/2021,92.37
11/10/2021,92.47
11/11/2021,92.57
11/12/2021,92.68
11/13/2021,92.78
11/14/2021,92.78
11/15/2021,92.78
11/16/2021,93.09
11/17/2021,93.2
11/18/2021,93.3
11/19/2021,93.41
11/20/2021,93.52
11/21/2021,93.52
11/22/2021,93.52
11/23/2021,93.52
11/24/2021,93.95
11/25/2021,94.06
11/26/2021,94.16
11/27/2021,94.27
11/28/2021,94.27
11/29/2021,94.27
11/30/2021,94.6
12/1/2021,94.7
12/2/2021,94.81
12/3/2021,94.92
12/4/2021,95.03
12/5/2021,95.03
12/6/2021,95.03
12/7/2021,95.36
12/8/2021,95.47
12/9/2021,95.47
12/10/2021,95.69
12/11/2021,95.8
12/12/2021,95.8
12/13/2021,95.8
12/14/2021,96.13
12/15/2021,96.24
12/16/2021,96.35
12/17/2021,96.42
12/18/2021,96.5
12/19/2021,96.5
12/20/2021,96.5
12/21/2021,96.73
12/22/2021,96.81
12/23/2021,96.89
12/24/2021,96.96
12/25/2021,97.04
12/26/2021,97.04
12/27/2021,97.04
12/28/2021,97.27
12/29/2021,97.35
12/30/2021,97.43
12/31/2021,97.51
1/1/2022,97.58
1/2/2022,97.58
1/3/2022,97.58
1/4/2022,97.82
1/5/2022,97.89
1/6/2022,97.97
1/7/2022,98.05
1/8/2022,98.13
1/9/2022,98.13
1/10/2022,98.13
1/11/2022,98.36
1/12/2022,98.44
1/13/2022,98.52
1/14/2022,98.6
1/15/2022,98.68
1/16/2022,98.68
1/17/2022,98.68
1/18/2022,98.99
1/19/2022,99.11
1/20/2022,99.23
1/21/2022,99.35
1/22/2022,99.47
1/23/2022,99.47
1/24/2022,99.47
1/25/2022,99.83
1/26/2022,99.95
1/27/2022,100.07
1/28/2022,100.19
1/29/2022,100.31
1/30/2022,100.31
1/31/2022,100.31
2/1/2022,100.68
2/2/2022,100.8
2/3/2022,100.92
2/4/2022,101.04
2/5/2022,101.16
2/6/2022,101.16
2/7/2022,101.16
2/8/2022,101.53
2/9/2022,101.65
2/10/2022,101.77
2/11/2022,101.89
2/12/2022,102.02
2/13/2022,102.02
2/14/2022,102.02
2/15/2022,102.39
2/16/2022,102.51
2/17/2022,102.65
2/18/2022,102.79
2/19/2022,102.93
2/20/2022,102.93
2/21/2022,102.93
2/22/2022,103.35
2/23/2022,103.49
2/24/2022,103.64
2/25/2022,103.78
2/26/2022,103.92
2/27/2022,103.92
2/28/2022,103.92
3/1/2022,103.92
3/2/2022,103.92
3/3/2022,104.63
3/4/2022,104.77
3/5/2022,104.92
3/6/2022,104.92
3/7/2022,104.92
3/8/2022,105.35
3/9/2022,105.49
3/10/2022,105.64
3/11/2022,105.78
3/12/2022,105.93
3/13/2022,105.93
3/14/2022,105.93
3/15/2022,106.36
3/16/2022,106.51
3/17/2022,106.66
3/18/2022,106.82
3/19/2022,106.98
3/20/2022,106.98
3/21/2022,106.98
3/22/2022,107.46
3/23/2022,107.62
3/24/2022,107.78
3/25/2022,107.78
3/26/2022,108.1
3/27/2022,108.1
3/28/2022,108.1
3/29/2022,108.58
3/30/2022,108.74
3/31/2022,108.9
4/1/2022,109.06
4/2/2022,109.22
4/3/2022,109.22
4/4/2022,109.22
4/5/2022,109.71
4/6/2022,109.87
4/7/2022,110.04
4/8/2022,110.2
4/9/2022,110.36
4/10/2022,110.36
4/11/2022,110.36
4/12/2022,110.85
4/13/2022,111.02
4/14/2022,111.18
4/15/2022,111.18
4/16/2022,111.18
4/17/2022,111.18
4/18/2022,111.18
4/19/2022,112.24
4/20/2022,112.48
4/21/2022,112.72
4/22/2022,112.97
4/23/2022,113.21
4/24/2022,113.21
4/25/2022,113.21
4/26/2022,113.95
4/27/2022,114.2
4/28/2022,114.44
4/29/2022,114.69
4/30/2022,114.94
5/1/2022,114.94
5/2/2022,114.94
5/3/2022,115.69
5/4/2022,115.94
5/5/2022,116.19
5/6/2022,116.44
5/7/2022,116.69
5/8/2022,116.69
5/9/2022,116.69
5/10/2022,117.45
5/11/2022,117.7
5/12/2022,117.96
5/13/2022,118.21
5/14/2022,118.47
5/15/2022,118.47
5/16/2022,118.47
5/17/2022,119.21
5/18/2022,119.43
5/19/2022,119.43
5/20/2022,119.88
5/21/2022,120.11
5/22/2022,120.11
5/23/2022,120.11
5/24/2022,120.79
5/25/2022,121.01
5/26/2022,121.01
5/27/2022,121.47
5/28/2022,121.7
5/29/2022,121.7
5/30/2022,121.7
5/31/2022,122.39
6/1/2022,122.62
6/2/2022,122.85
6/3/2022,123.08
6/4/2022,123.31
6/5/2022,123.31
6/6/2022,123.31
6/7/2022,124.01
6/8/2022,124.24
6/9/2022,124.47
6/10/2022,124.71
6/11/2022,124.94
6/12/2022,124.94
6/13/2022,124.94
6/14/2022,125.65
6/15/2022,125.89
6/16/2022,126.12
6/17/2022,126.33
6/18/2022,126.33
6/19/2022,126.33
6/20/2022,126.33
6/21/2022,126.33
6/22/2022,127.38
6/23/2022,127.6
6/24/2022,127.81
6/25/2022,128.02
6/26/2022,128.02
6/27/2022,128.02
6/28/2022,128.66
6/29/2022,128.87
6/30/2022,129.08
7/1/2022,129.3
7/2/2022,129.51
7/3/2022,129.51
7/4/2022,129.51
7/5/2022,130.16
7/6/2022,130.38
7/7/2022,130.59
7/8/2022,130.81
7/9/2022,131.03
7/10/2022,131.03
7/11/2022,131.03
7/12/2022,131.68
7/13/2022,131.9
7/14/2022,132.12
7/15/2022,132.34
7/16/2022,132.56
7/17/2022,132.56
7/18/2022,132.56
7/19/2022,133.22
7/20/2022,133.44
7/21/2022,133.66
7/22/2022,133.89
7/23/2022,134.11
7/24/2022,134.11
7/25/2022,134.11
7/26/2022,134.78
7/27/2022,135.01
7/28/2022,135.23
7/29/2022,135.46
7/30/2022,135.68
7/31/2022,135.68
8/1/2022,135.68
8/2/2022,136.36
8/3/2022,136.59
8/4/2022,136.82
8/5/2022,137.05
8/6/2022,137.27
8/7/2022,137.27
8/8/2022,137.27
8/9/2022,137.96
8/10/2022,138.19
8/11/2022,138.42
8/12/2022,138.65
8/13/2022,138.88
8/14/2022,138.88
8/15/2022,138.88
8/16/2022,138.88
8/17/2022,139.9
8/18/2022,140.23
8/19/2022,140.55
8/20/2022,140.87
8/21/2022,140.87
8/22/2022,140.87
8/23/2022,141.85
8/24/2022,142.18
8/25/2022,142.5
8/26/2022,142.83
8/27/2022,143.16
8/28/2022,143.16
8/29/2022,143.16
8/30/2022,144.15
8/31/2022,144.49
9/1/2022,144.82
9/2/2022,145.15
9/3/2022,145.49
9/4/2022,145.49
9/5/2022,145.49
9/6/2022,146.5
9/7/2022,146.83
9/8/2022,147.17
9/9/2022,147.51
9/10/2022,147.85
9/11/2022,147.85
9/12/2022,147.85
9/13/2022,148.88
9/14/2022,149.22
9/15/2022,149.56
9/16/2022,149.91
9/17/2022,150.25
9/18/2022,150.25
9/19/2022,150.25
9/20/2022,151.27
9/21/2022,151.61
9/22/2022,151.95
9/23/2022,152.3
9/24/2022,152.64
9/25/2022,152.64
9/26/2022,152.64
9/27/2022,153.68
9/28/2022,154.02
9/29/2022,154.37
9/30/2022,154.72
10/1/2022,155.07
10/2/2022,155.07
10/3/2022,155.07
10/4/2022,156.12
10/5/2022,156.47
10/6/2022,156.83
10/7/2022,157.18
10/8/2022,157.18
10/9/2022,157.18
10/10/2022,157.18
10/11/2022,157.18
10/12/2022,158.96
10/13/2022,159.32
10/14/2022,159.68
10/15/2022,160.04
10/16/2022,160.04
10/17/2022,160.04
10/18/2022,161.03
10/19/2022,161.34
10/20/2022,161.65
10/21/2022,161.97
10/22/2022,162.28
10/23/2022,162.28
10/24/2022,162.28
10/25/2022,163.23
10/26/2022,163.55
10/27/2022,163.86
10/28/2022,164.18
10/29/2022,164.5
10/30/2022,164.5
10/31/2022,164.5
11/1/2022,165.46
11/2/2022,165.78
11/3/2022,166.1
11/4/2022,166.43
11/5/2022,166.75
11/6/2022,166.75
11/7/2022,166.75
11/8/2022,167.72
11/9/2022,168.05
11/10/2022,168.38
11/11/2022,168.7
11/12/2022,169.03
11/13/2022,169.03
11/14/2022,169.03
11/15/2022,170.02
11/16/2022,170.35
11/17/2022,170.7
11/18/2022,171.04
11/19/2022,171.39
11/20/2022,171.39
11/21/2022,171.39
11/22/2022,171.39
11/23/2022,172.79
11/24/2022,173.15
11/25/2022,173.5
11/26/2022,173.85
11/27/2022,173.85
11/28/2022,173.85
11/29/2022,174.92
11/30/2022,175.28
12/1/2022,175.63
12/2/2022,175.99
12/3/2022,176.35
12/4/2022,176.35
12/5/2022,176.35
12/6/2022,177.43
12/7/2022,177.79
12/8/2022,178.15
12/9/2022,178.15
12/10/2022,178.15
12/11/2022,178.15
12/12/2022,178.15
12/13/2022,179.98
12/14/2022,180.34
12/15/2022,180.71
12/16/2022,181.08
12/17/2022,181.36
12/18/2022,181.36
12/19/2022,181.36
12/20/2022,182.2
12/21/2022,182.48
12/22/2022,182.76
12/23/2022,183.05
12/24/2022,183.33
12/25/2022,183.33
12/26/2022,183.33
12/27/2022,184.18
12/28/2022,184.46
12/29/2022,184.75
12/30/2022,185.03
12/31/2022,185.32
1/1/2023,185.32
1/2/2023,185.32
1/3/2023,186.18
1/4/2023,186.47
1/5/2023,186.76
1/6/2023,187.04
1/7/2023,187.33
1/8/2023,187.33
1/9/2023,187.33
1/10/2023,188.2
1/11/2023,188.49
1/12/2023,188.78
1/13/2023,189.08
1/14/2023,189.37
1/15/2023,189.37
1/16/2023,189.37
1/17/2023,190.26
1/18/2023,190.56
1/19/2023,190.87
1/20/2023,191.18
1/21/2023,191.48
1/22/2023,191.48
1/23/2023,191.48
1/24/2023,192.41
1/25/2023,192.72
1/26/2023,193.03
1/27/2023,193.34
1/28/2023,193.65
1/29/2023,193.65
1/30/2023,193.65
1/31/2023,194.58
2/1/2023,194.89
2/2/2023,195.21
2/3/2023,195.52
2/4/2023,195.83
2/5/2023,195.83
2/6/2023,195.83
2/7/2023,196.78
2/8/2023,197.09
2/9/2023,197.41
2/10/2023,197.73
2/11/2023,198.05
2/12/2023,198.05
2/13/2023,198.05
2/14/2023,199
2/15/2023,199.32
2/16/2023,199.64
2/17/2023,200.06
2/18/2023,200.47
2/19/2023,200.47
2/20/2023,200.47
2/21/2023,200.47
2/22/2023,200.47
2/23/2023,202.57
2/24/2023,202.99
2/25/2023,203.42
2/26/2023,203.42
2/27/2023,203.42
2/28/2023,204.69
3/1/2023,205.12
3/2/2023,205.54
3/3/2023,205.97
3/4/2023,206.4
3/5/2023,206.4
3/6/2023,206.4
3/7/2023,207.69
3/8/2023,208.13
3/9/2023,208.56
3/10/2023,208.99
3/11/2023,209.43
3/12/2023,209.43
3/13/2023,209.43
3/14/2023,210.74
3/15/2023,211.18
3/16/2023,211.62
3/17/2023,212.06
3/18/2023,212.49
3/19/2023,212.49
3/20/2023,212.49
3/21/2023,213.81
3/22/2023,214.25
3/23/2023,214.7
3/24/2023,215.14
3/25/2023,215.14
3/26/2023,215.14
3/27/2023,215.14
3/28/2023,216.92
3/29/2023,217.37
3/30/2023,217.82
3/31/2023,218.27
4/1/2023,218.72
4/2/2023,218.72
4/3/2023,218.72
4/4/2023,220.07
4/5/2023,220.53
4/6/2023,220.98
4/7/2023,220.98
4/8/2023,220.98
4/9/2023,220.98
4/10/2023,220.98
4/11/2023,223.27
4/12/2023,223.73
4/13/2023,224.2
4/14/2023,224.66
4/15/2023,225.12
4/16/2023,225.12
4/17/2023,225.12
4/18/2023,226.7
4/19/2023,227.27
4/20/2023,227.83
4/21/2023,228.39
4/22/2023,228.96
4/23/2023,228.96
4/24/2023,228.96
4/25/2023,230.66
4/26/2023,231.23
4/27/2023,231.81
4/28/2023,232.38
4/29/2023,232.96
4/30/2023,232.96
5/1/2023,232.96
5/2/2023,232.96
5/3/2023,235.27
5/4/2023,235.85
5/5/2023,236.44
5/6/2023,237.02
5/7/2023,237.02
5/8/2023,237.02
5/9/2023,238.79
5/10/2023,239.38
5/11/2023,239.97
5/12/2023,240.57
5/13/2023,241.16
5/14/2023,241.16
5/15/2023,241.16
5/16/2023,242.96
5/17/2023,243.59
5/18/2023,244.22
5/19/2023,244.86
5/20/2023,245.5
5/21/2023,245.5
5/22/2023,245.5
5/23/2023,247.42
5/24/2023,248.07
5/25/2023,248.71
5/26/2023,248.71
5/27/2023,248.71
5/28/2023,248.71
5/29/2023,248.71
5/30/2023,251.97
5/31/2023,252.63
6/1/2023,253.28
6/2/2023,253.94
6/3/2023,254.61
6/4/2023,254.61
6/5/2023,254.61
6/6/2023,256.6
6/7/2023,257.27
6/8/2023,257.94
6/9/2023,258.61
6/10/2023,259.29
6/11/2023,259.29
6/12/2023,259.29
6/13/2023,261.32
6/14/2023,262
6/15/2023,262.68
6/16/2023,263.36
6/17/2023,264.02
6/18/2023,264.02
6/19/2023,264.02
6/20/2023,264.02
6/21/2023,264.02
6/22/2023,267.35
6/23/2023,268.02
6/24/2023,268.69
6/25/2023,268.69
6/26/2023,268.69
6/27/2023,270.72
6/28/2023,271.4
6/29/2023,272.08
6/30/2023,272.76
7/1/2023,273.44
7/2/2023,273.44
7/3/2023,273.44
7/4/2023,275.5
7/5/2023,276.2
7/6/2023,276.89
7/7/2023,277.58
7/8/2023,278.28
7/9/2023,278.28
7/10/2023,278.28
7/11/2023,280.38
7/12/2023,281.08
7/13/2023,281.78
7/14/2023,282.49
7/15/2023,283.2
7/16/2023,283.2
7/17/2023,283.2
7/18/2023,284.98
7/19/2023,285.51
7/20/2023,286.05
7/21/2023,286.59
7/22/2023,287.13
7/23/2023,287.13
7/24/2023,287.13
7/25/2023,288.75
7/26/2023,289.29
7/27/2023,289.84
7/28/2023,290.38
7/29/2023,290.93
7/30/2023,290.93
7/31/2023,290.93
8/1/2023,292.58
8/2/2023,293.13
8/3/2023,293.68
8/4/2023,294.23
8/5/2023,294.78
8/6/2023,294.78
8/7/2023,294.78
8/8/2023,296.45
8/9/2023,297.01
8/10/2023,297.57
8/11/2023,298.13
8/12/2023,298.69
8/13/2023,298.69
8/14/2023,298.69
8/15/2023,300.38
8/16/2023,300.94
8/17/2023,301.54
8/18/2023,302.13
8/19/2023,302.73
8/20/2023,302.73
8/21/2023,302.73
8/22/2023,302.73
8/23/2023,305.12
8/24/2023,305.72
8/25/2023,306.33
8/26/2023,306.93
8/27/2023,306.93
8/28/2023,306.93
8/29/2023,308.75
8/30/2023,309.36
8/31/2023,309.97
9/1/2023,310.58
9/2/2023,311.2
9/3/2023,311.2
9/4/2023,311.2
9/5/2023,313.04
9/6/2023,313.66
9/7/2023,314.28
9/8/2023,314.9
9/9/2023,315.52
9/10/2023,315.52
9/11/2023,315.52
9/12/2023,317.39
9/13/2023,318.02
9/14/2023,318.64
9/15/2023,319.27
9/16/2023,319.9
9/17/2023,319.9
9/18/2023,319.9
9/19/2023,323.66
9/20/2023,324.93
9/21/2023,326.19
9/22/2023,327.47
9/23/2023,328.75
9/24/2023,328.75
9/25/2023,328.75
9/26/2023,332.61
9/27/2023,333.91
9/28/2023,335.21
9/29/2023,336.52
9/30/2023,337.84
10/1/2023,337.84
10/2/2023,337.84
10/3/2023,341.81
10/4/2023,343.14
10/5/2023,344.48
10/6/2023,345.83
10/7/2023,347.18
10/8/2023,347.18
10/9/2023,347.18
10/10/2023,351.26
10/11/2023,352.63
10/12/2023,354.01
10/13/2023,355.39
10/14/2023,355.39
10/15/2023,355.39
10/16/2023,355.39
10/17/2023,355.39
10/18/2023,362.35
10/19/2023,363.75
10/20/2023,365.16
10/21/2023,366.57
10/22/2023,366.57
10/23/2023,366.57
10/24/2023,370.84
10/25/2023,372.27
10/26/2023,373.71
10/27/2023,375.15
10/28/2023,376.6
10/29/2023,376.6
10/30/2023,376.6
10/31/2023,380.98
11/1/2023,382.46
11/2/2023,383.93
11/3/2023,385.42
11/4/2023,386.91
11/5/2023,386.91
11/6/2023,386.91
11/7/2023,386.91
11/8/2023,392.92
11/9/2023,394.44
11/10/2023,395.96
11/11/2023,397.49
11/12/2023,397.49
11/13/2023,397.49
11/14/2023,402.12
11/15/2023,403.67
11/16/2023,405.23
11/17/2023,406.31
11/18/2023,407.39
11/19/2023,407.39
11/20/2023,407.39
11/21/2023,407.39
11/22/2023,411.75
11/23/2023,412.84
11/24/2023,413.94
11/25/2023,415.04
11/26/2023,415.04
11/27/2023,415.04
11/28/2023,418.37
11/29/2023,419.48
11/30/2023,420.6
12/1/2023,421.72
12/2/2023,422.84
12/3/2023,422.84
12/4/2023,422.84
12/5/2023,426.22
12/6/2023,427.36
12/7/2023,428.49
12/8/2023,429.64
12/9/2023,429.64
12/10/2023,429.64
12/11/2023,429.64
12/12/2023,434.23
12/13/2023,435.38
12/14/2023,436.54
12/15/2023,437.7
12/16/2023,438.87
12/17/2023,438.87
12/18/2023,438.87
12/19/2023,444.01
12/20/2023,445.74
12/21/2023,447.48
12/22/2023,449.22
12/23/2023,450.97
12/24/2023,450.97
12/25/2023,450.97
12/26/2023,450.97
12/27/2023,458.03
12/28/2023,459.81
12/29/2023,461.6
12/30/2023,463.4
12/31/2023,463.4
1/1/2024,463.4
1/2/2024,463.4
1/3/2024,470.66
1/4/2024,472.49
1/5/2024,474.33
1/6/2024,476.18
1/7/2024,476.18
1/8/2024,476.18
1/9/2024,481.76
1/10/2024,483.64
1/11/2024,485.52
1/12/2024,487.41
1/13/2024,489.31
1/14/2024,489.31
1/15/2024,489.31
1/16/2024,495.04
1/17/2024,498.68
1/18/2024,502.35
1/19/2024,506.05
1/20/2024,509.77
1/21/2024,509.77
1/22/2024,509.77
1/23/2024,521.1
1/24/2024,524.93
1/25/2024,528.79
1/26/2024,532.68
1/27/2024,536.59
1/28/2024,536.59
1/29/2024,536.59
1/30/2024,548.52
1/31/2024,552.55
2/1/2024,556.62
2/2/2024,560.71
2/3/2024,564.83
2/4/2024,564.83
2/5/2024,564.83
2/6/2024,577.39
2/7/2024,581.63
2/8/2024,585.91
2/9/2024,590.22
2/10/2024,594.56
2/11/2024,594.56
2/12/2024,594.56
2/13/2024,594.56
2/14/2024,594.56
2/15/2024,616.74
2/16/2024,621.28
2/17/2024,625.31
2/18/2024,625.31
2/19/2024,625.31
2/20/2024,637.54
2/21/2024,641.67
2/22/2024,645.83
2/23/2024,650.01
2/24/2024,654.23
2/25/2024,654.23
2/26/2024,654.23
2/27/2024,667.03
2/28/2024,671.35
2/29/2024,675.7
3/1/2024,680.08
3/2/2024,684.48
3/3/2024,684.48
3/4/2024,684.48
3/5/2024,697.88
3/6/2024,702.4
3/7/2024,706.95
3/8/2024,711.53
3/9/2024,716.14
3/10/2024,716.14
3/11/2024,716.14
3/12/2024,730.15
3/13/2024,734.88
3/14/2024,739.65
3/15/2024,744.44
3/16/2024,749.26
3/17/2024,749.26
3/18/2024,749.26
3/19/2024,758.31
3/20/2024,761.35
3/21/2024,764.4
3/22/2024,767.46
3/23/2024,770.54
3/24/2024,770.54
3/25/2024,770.54
3/26/2024,779.84
3/27/2024,782.96
3/28/2024,786.1
3/29/2024,786.1
3/30/2024,786.1
3/31/2024,786.1
